Fold,Val_Accuracy,Time_s
1,0.9006249904632568,152.92305946350098
2,0.8943750262260437,145.69751048088074
3,0.9143750071525574,147.91386437416077
4,0.9037500023841858,174.2033360004425
5,0.9087499976158142,122.07295489311218
