Model,Test_Accuracy,Test_Loss,Best_Val_Accuracy,Epochs_Run
SE_AudioCNN,0.6959999799728394,0.9360014200210571,0.7235000133514404,50
ResSE_AudioCNN,0.7804999947547913,0.9262921214103699,0.7929999828338623,42
ResNeXt_SE_AudioCNN,0.7795000076293945,0.9951395988464355,0.7674999833106995,46
