Model,Test_Accuracy,Best_Val_Accuracy,Epochs_Run
Efficient_VGG,0.703499972820282,0.7384999990463257,67
ResSE_AudioCNN,0.7894999980926514,0.7904999852180481,67
UNet_Audio_Classifier,0.8349999785423279,0.8364999890327454,72
