Model,Test_Accuracy,Best_Val_Accuracy,Epochs_Run
Efficient_VGG,0.8205000162124634,0.8374999761581421,43
PaperCNN_Lite,0.8105000257492065,0.8309999704360962,39
SE_AudioCNN,0.8220000267028809,0.8159999847412109,41
SeparableResSE_CNN,0.8144999742507935,0.8205000162124634,34
ResSE_AudioCNN,0.8174999952316284,0.8274999856948853,50
UNet_Audio_Classifier,0.8339999914169312,0.8270000219345093,45
