Model,Test_Accuracy,Best_Val_Accuracy,Epochs_Run
Efficient_VGG,0.6875,0.7124999761581421,38
PaperCNN_Lite,0.6984999775886536,0.7275000214576721,50
SE_AudioCNN,0.734499990940094,0.7695000171661377,50
SeparableResSE_CNN,0.7434999942779541,0.7459999918937683,37
ResSE_AudioCNN,0.7799999713897705,0.7910000085830688,43
