Model,Test_Accuracy_WITH_AUG,Test_Accuracy_NO_AUG,Gain_pp
UNet_Audio_Classifier,0.8230000138282776,0.8180000185966492,0.4999995231628418
ResSE_AudioCNN,0.7979999780654907,0.7990000247955322,-0.10000467300415039
Efficient_VGG,0.7519999742507935,0.7534999847412109,-0.15000104904174805
